<beacondo>
	<screens>
		<screen>
			<id><![CDATA[Home]]></id>
			<title><![CDATA[Home]]></title>
			<titleImage><![CDATA[navBarLogo.png]]></titleImage>
			<icon><![CDATA[iconHome.png]]></icon>

			<backgroundImage><![CDATA[]]></backgroundImage>

			<backgroundColor><![CDATA[#ffffffff]]></backgroundColor>

			<leftButton>
				<title><![CDATA[]]></title>
				<image><![CDATA[iconCamera.png]]></image>
				<link type="scan"><![CDATA[]]></link>
			</leftButton>

			<rightButton>
				<title><![CDATA[Distance]]></title>
				<image><![CDATA[iconSearch.png]]></image>
				<link type="showBeaconDistance"><![CDATA[B9407F30-F5F8-466E-AFF9-25556B57FE6D,62991,12962]]></link>
			</rightButton>

			<layout>
				<item type="carousel" height="180" pagingDots="1">
					<state>
						<content><![CDATA[exampleProduct.png]]></content>
						<link type="pageID"><![CDATA[Example Product]]></link>
					</state>
					<state>
						<content><![CDATA[exampleProduct.png]]></content>
						<link type="pageID"><![CDATA[Example Product]]></link>
					</state>
					<state>
						<content><![CDATA[exampleProduct.png]]></content>
						<link type="pageID"><![CDATA[Example Product]]></link>
					</state>
				</item>
				<item type="row" height="0">
					<backgroundImage><![CDATA[]]></backgroundImage>
					<backgroundColor><![CDATA[#00000000]]></backgroundColor>
					<thumbnail><![CDATA[exampleThumbnail.png]]></thumbnail>
					<title><![CDATA[Example Product]]></title>
					<titleFont><![CDATA[HelveticaNeue-Light]]></titleFont>
					<titleSize><![CDATA[17]]></titleSize>
					<titleAlignment><![CDATA[left]]></titleAlignment>
					<titleColor><![CDATA[#000000ff]]></titleColor>
					<subtitle><![CDATA[Look at this excellent product]]></subtitle>
					<subtitleFont><![CDATA[HelveticaNeue-Medium]]></subtitleFont>
					<subtitleSize><![CDATA[14]]></subtitleSize>
					<subtitleAlignment><![CDATA[left]]></subtitleAlignment>
					<subtitleColor><![CDATA[#000000ff]]></subtitleColor>
					<useDefaultFonts><![CDATA[1]]></useDefaultFonts>
					<link type="pageID"><![CDATA[Example Product]]></link>
					<showsArrow>1</showsArrow>
				</item>
				<item type="row" height="0">
					<backgroundImage><![CDATA[]]></backgroundImage>
					<backgroundColor><![CDATA[#00000000]]></backgroundColor>
					<thumbnail><![CDATA[exampleThumbnail.png]]></thumbnail>
					<title><![CDATA[Example Product]]></title>
					<titleFont><![CDATA[HelveticaNeue-Light]]></titleFont>
					<titleSize><![CDATA[17]]></titleSize>
					<titleAlignment><![CDATA[left]]></titleAlignment>
					<titleColor><![CDATA[#000000ff]]></titleColor>
					<subtitle><![CDATA[Look at this excellent product]]></subtitle>
					<subtitleFont><![CDATA[HelveticaNeue-Medium]]></subtitleFont>
					<subtitleSize><![CDATA[14]]></subtitleSize>
					<subtitleAlignment><![CDATA[left]]></subtitleAlignment>
					<subtitleColor><![CDATA[#000000ff]]></subtitleColor>
					<useDefaultFonts><![CDATA[1]]></useDefaultFonts>
					<link type="pageID"><![CDATA[Example Product]]></link>
					<showsArrow>1</showsArrow>
				</item>
				<item type="row" height="0">
					<backgroundImage><![CDATA[]]></backgroundImage>
					<backgroundColor><![CDATA[#00000000]]></backgroundColor>
					<thumbnail><![CDATA[exampleThumbnail.png]]></thumbnail>
					<title><![CDATA[Example Product]]></title>
					<titleFont><![CDATA[HelveticaNeue-Light]]></titleFont>
					<titleSize><![CDATA[17]]></titleSize>
					<titleAlignment><![CDATA[left]]></titleAlignment>
					<titleColor><![CDATA[#000000ff]]></titleColor>
					<subtitle><![CDATA[Look at this excellent product]]></subtitle>
					<subtitleFont><![CDATA[HelveticaNeue-Medium]]></subtitleFont>
					<subtitleSize><![CDATA[14]]></subtitleSize>
					<subtitleAlignment><![CDATA[left]]></subtitleAlignment>
					<subtitleColor><![CDATA[#000000ff]]></subtitleColor>
					<useDefaultFonts><![CDATA[1]]></useDefaultFonts>
					<link type="pageID"><![CDATA[Example Product]]></link>
					<showsArrow>1</showsArrow>
				</item>
				<item type="row" height="0">
					<backgroundImage><![CDATA[]]></backgroundImage>
					<backgroundColor><![CDATA[#00000000]]></backgroundColor>
					<thumbnail><![CDATA[exampleThumbnail.png]]></thumbnail>
					<title><![CDATA[Example Product]]></title>
					<titleFont><![CDATA[HelveticaNeue-Light]]></titleFont>
					<titleSize><![CDATA[17]]></titleSize>
					<titleAlignment><![CDATA[left]]></titleAlignment>
					<titleColor><![CDATA[#000000ff]]></titleColor>
					<subtitle><![CDATA[Look at this excellent product]]></subtitle>
					<subtitleFont><![CDATA[HelveticaNeue-Medium]]></subtitleFont>
					<subtitleSize><![CDATA[14]]></subtitleSize>
					<subtitleAlignment><![CDATA[left]]></subtitleAlignment>
					<subtitleColor><![CDATA[#000000ff]]></subtitleColor>
					<useDefaultFonts><![CDATA[1]]></useDefaultFonts>
					<link type="pageID"><![CDATA[Example Product]]></link>
					<showsArrow>1</showsArrow>
				</item>
				<item type="row" height="0">
					<backgroundImage><![CDATA[]]></backgroundImage>
					<backgroundColor><![CDATA[#00000000]]></backgroundColor>
					<thumbnail><![CDATA[exampleThumbnail.png]]></thumbnail>
					<title><![CDATA[Example Product]]></title>
					<titleFont><![CDATA[HelveticaNeue-Light]]></titleFont>
					<titleSize><![CDATA[17]]></titleSize>
					<titleAlignment><![CDATA[left]]></titleAlignment>
					<titleColor><![CDATA[#000000ff]]></titleColor>
					<subtitle><![CDATA[Look at this excellent product]]></subtitle>
					<subtitleFont><![CDATA[HelveticaNeue-Medium]]></subtitleFont>
					<subtitleSize><![CDATA[14]]></subtitleSize>
					<subtitleAlignment><![CDATA[left]]></subtitleAlignment>
					<subtitleColor><![CDATA[#000000ff]]></subtitleColor>
					<useDefaultFonts><![CDATA[1]]></useDefaultFonts>
					<link type="pageID"><![CDATA[Example Product]]></link>
					<showsArrow>1</showsArrow>
				</item>
				<item type="row" height="0">
					<backgroundImage><![CDATA[]]></backgroundImage>
					<backgroundColor><![CDATA[#00000000]]></backgroundColor>
					<thumbnail><![CDATA[exampleThumbnail.png]]></thumbnail>
					<title><![CDATA[Example Product]]></title>
					<titleFont><![CDATA[HelveticaNeue-Light]]></titleFont>
					<titleSize><![CDATA[17]]></titleSize>
					<titleAlignment><![CDATA[left]]></titleAlignment>
					<titleColor><![CDATA[#000000ff]]></titleColor>
					<subtitle><![CDATA[Look at this excellent product]]></subtitle>
					<subtitleFont><![CDATA[HelveticaNeue-Medium]]></subtitleFont>
					<subtitleSize><![CDATA[14]]></subtitleSize>
					<subtitleAlignment><![CDATA[left]]></subtitleAlignment>
					<subtitleColor><![CDATA[#000000ff]]></subtitleColor>
					<useDefaultFonts><![CDATA[1]]></useDefaultFonts>
					<link type="pageID"><![CDATA[Example Product]]></link>
					<showsArrow>1</showsArrow>
				</item>
				<item type="slideshow" height="180" pagingDots="0">
					<state>
						<content><![CDATA[exampleProduct.png]]></content>
						<link type="pageID"><![CDATA[Example Product]]></link>
					</state>
					<state>
						<content><![CDATA[exampleProduct.png]]></content>
						<link type="pageID"><![CDATA[Example Product]]></link>
					</state>
					<state>
						<content><![CDATA[exampleProduct.png]]></content>
						<link type="pageID"><![CDATA[Example Product]]></link>
					</state>
				</item>
			</layout>
		</screen>
	</screens>

	<beacons>
		<beacon>
			<uuid><![CDATA[B9407F30-F5F8-466E-AFF9-25556B57FE6D]]></uuid>
			<majorValue>62991</majorValue>
			<minorValue>12962</minorValue>
			<rangeLimit>1</rangeLimit>
			<link type="message"><![CDATA[Yo Yo Yo =)]]></link>
			<prompt><![CDATA[]]></prompt>
			<sound><![CDATA[]]></sound>
			<frequency>always</frequency>
		</beacon>
	</beacons>
</beacondo>
