<beacondo>
	<section>
		<id><![CDATA[New section]]></id>
		<title><![CDATA[New section]]></title>

		<rightButton>
			<title><![CDATA[]]></title>
			<image><![CDATA[iconSwitchSection.png]]></image>
			<link type="switchSection"><![CDATA[]]></link>
		</rightButton>

		<pages>
			<page>
				<id><![CDATA[Example Product]]></id>
				<ean><![CDATA[0123456789012]]></ean>
				<title><![CDATA[Example Product]]></title>
				<price><![CDATA[$499]]></price>
				<titleImage><![CDATA[]]></titleImage>
				<thumbnail><![CDATA[exampleThumbnail.png]]></thumbnail>
				<thumbnailFromHeader><![CDATA[0]]></thumbnailFromHeader>
				<content><![CDATA[<p><font face="Helvetica" size="3" style="font: 16pt Helvetica">Example product text here. You can use Cmd+B, Cmd+I, Cmd+U and so on to add <b>bold</b>, <i>italic</i> and <u>underline</u>.</font></p>]]></content>

				<contentSource><![CDATA[inline]]></contentSource>

				<contentTemplate><![CDATA[pageTemplate.html]]></contentTemplate>

				<header type="carousel" height="180" pagingDots="1">
					<state>
						<content><![CDATA[exampleProduct.png]]></content>
						<link type="nothing"><![CDATA[]]></link>
					</state>
					<state>
						<content><![CDATA[exampleProduct.png]]></content>
						<link type="nothing"><![CDATA[]]></link>
					</state>
					<state>
						<content><![CDATA[exampleProduct.png]]></content>
						<link type="nothing"><![CDATA[]]></link>
					</state>
				</header>
		<rightButton>
			<title><![CDATA[]]></title>
			<image><![CDATA[]]></image>
			<link type="nothing"><![CDATA[]]></link>
		</rightButton>

			</page>
		</pages>
	</section>
</beacondo>
